{
  "duration_ns": 159703601768.0,
  "git_sha": "06ccd43",
  "latency": {
    "total": 2543745733732,
    "min": 953835786,
    "max": 1445973319,
    "median": 1276217695.0,
    "avg": 1271872866.866,
    "std_dev": 72616817.49855739,
    "percentiles": {
      "99.9": 1445305257.835,
      "99": 1404486559.16,
      "97": 1387124020.6599998,
      "95": 1368521736.55,
      "90": 1354931239.5,
      "80": 1333547498.6,
      "75": 1324088041.5,
      "50": 1276217695.0,
      "25": 1233961656.25,
      "10": 1192887529.3,
      "5": 1149011879.5,
      "1": 1024922038.27
    },
    "histogram": {
      "buckets": [
        [
          953835786.0,
          1003049539.3
        ],
        [
          1003049539.3,
          1052263292.6
        ],
        [
          1052263292.6,
          1101477045.9
        ],
        [
          1101477045.9,
          1150690799.2
        ],
        [
          1150690799.2,
          1199904552.5
        ],
        [
          1199904552.5,
          1249118305.8
        ],
        [
          1249118305.8,
          1298332059.1
        ],
        [
          1298332059.1,
          1347545812.4
        ],
        [
          1347545812.4,
          1396759565.7
        ],
        [
          1396759565.7,
          1445973319.0
        ]
      ],
      "counts": [
        6,
        27,
        36,
        33,
        131,
        442,
        593,
        499,
        201,
        32
      ]
    }
  },
  "n_samples_completed": 2000,
  "n_samples_failed": 0,
  "n_samples_issued": 2000,
  "output_sequence_lengths": null,
  "qps": 12.523199087929038,
  "test_started_at": 4394909584741427,
  "tpot": null,
  "tpot_reporting_mode": "request_weighted",
  "tps": null,
  "ttft": {
    "total": 448946716486,
    "min": 38878192,
    "max": 480809381,
    "median": 258069818.0,
    "avg": 224473358.243,
    "std_dev": 105471394.09994744,
    "percentiles": {
      "99.9": 480200295.8130001,
      "99": 434694094.90999997,
      "97": 406768181.29,
      "95": 368506474.3499999,
      "90": 339902793.70000005,
      "80": 312101652.0,
      "75": 306210658.5,
      "50": 258069818.0,
      "25": 115442818.25,
      "10": 75885052.8,
      "5": 65715230.45,
      "1": 47634234.29
    },
    "histogram": {
      "buckets": [
        [
          38878192.0,
          83071310.9
        ],
        [
          83071310.9,
          127264429.8
        ],
        [
          127264429.8,
          171457548.7
        ],
        [
          171457548.7,
          215650667.6
        ],
        [
          215650667.6,
          259843786.5
        ],
        [
          259843786.5,
          304036905.4
        ],
        [
          304036905.4,
          348230024.3
        ],
        [
          348230024.3,
          392423143.2
        ],
        [
          392423143.2,
          436616262.09999996
        ],
        [
          436616262.09999996,
          480809381.0
        ]
      ],
      "counts": [
        251,
        332,
        149,
        97,
        175,
        469,
        348,
        116,
        46,
        17
      ]
    }
  },
  "version": "0.1.0"
}