{
  "duration_ns": 464696546624.0,
  "git_sha": "cd264b3",
  "latency": {
    "total": 1856058618259,
    "min": 854307161,
    "max": 1006804098,
    "median": 926009346.5,
    "avg": 928029309.1295,
    "std_dev": 24833042.01211814,
    "percentiles": {
      "99.9": 1006273625.4810001,
      "99": 988111152.28,
      "97": 979689684.61,
      "95": 973060564.35,
      "90": 960836715.8000001,
      "80": 948779571.2,
      "75": 944422536.75,
      "50": 926009346.5,
      "25": 910501455.25,
      "10": 897980778.7,
      "5": 891394834.2,
      "1": 876562745.62
    },
    "histogram": {
      "buckets": [
        [
          854307161.0,
          869556854.7
        ],
        [
          869556854.7,
          884806548.4
        ],
        [
          884806548.4,
          900056242.1
        ],
        [
          900056242.1,
          915305935.8
        ],
        [
          915305935.8,
          930555629.5
        ],
        [
          930555629.5,
          945805323.2
        ],
        [
          945805323.2,
          961055016.9
        ],
        [
          961055016.9,
          976304710.6
        ],
        [
          976304710.6,
          991554404.3
        ],
        [
          991554404.3,
          1006804098.0
        ]
      ],
      "counts": [
        5,
        51,
        187,
        424,
        471,
        393,
        273,
        114,
        63,
        19
      ]
    }
  },
  "n_samples_completed": 2000,
  "n_samples_failed": 0,
  "n_samples_issued": 2000,
  "output_sequence_lengths": null,
  "qps": 4.3038839314169905,
  "test_started_at": 4383511423821715,
  "tpot": null,
  "tpot_reporting_mode": "request_weighted",
  "tps": null,
  "ttft": {
    "total": 170257407926,
    "min": 34311367,
    "max": 170531238,
    "median": 84526222.0,
    "avg": 85128703.963,
    "std_dev": 25703109.90615963,
    "percentiles": {
      "99.9": 169596102.62300006,
      "99": 156431334.89,
      "97": 140005106.78,
      "95": 130578440.14999999,
      "90": 117667803.80000004,
      "80": 104578258.60000001,
      "75": 99727579.5,
      "50": 84526222.0,
      "25": 65988667.0,
      "10": 53454572.7,
      "5": 39133171.8,
      "1": 36505442.74
    },
    "histogram": {
      "buckets": [
        [
          34311367.0,
          47933354.1
        ],
        [
          47933354.1,
          61555341.2
        ],
        [
          61555341.2,
          75177328.3
        ],
        [
          75177328.3,
          88799315.4
        ],
        [
          88799315.4,
          102421302.5
        ],
        [
          102421302.5,
          116043289.6
        ],
        [
          116043289.6,
          129665276.7
        ],
        [
          129665276.7,
          143287263.8
        ],
        [
          143287263.8,
          156909250.89999998
        ],
        [
          156909250.89999998,
          170531238.0
        ]
      ],
      "counts": [
        140,
        296,
        243,
        472,
        410,
        223,
        102,
        73,
        22,
        19
      ]
    }
  },
  "version": "0.1.0"
}