{
  "duration_ns": 1700865286942.0,
  "git_sha": "d4ab6db",
  "latency": {
    "total": 1699311941556,
    "min": 819156474,
    "max": 923454881,
    "median": 852599538.5,
    "avg": 849655970.778,
    "std_dev": 14075523.341486687,
    "percentiles": {
      "99.9": 898124984.4480016,
      "99": 883986404.88,
      "97": 875964205.8,
      "95": 872272434.85,
      "90": 863152748.3,
      "80": 857849582.4,
      "75": 856616652.5,
      "50": 852599538.5,
      "25": 837407142.0,
      "10": 828034532.2,
      "5": 827436047.85,
      "1": 825793786.23
    },
    "histogram": {
      "buckets": [
        [
          819156474.0,
          829586314.7
        ],
        [
          829586314.7,
          840016155.4
        ],
        [
          840016155.4,
          850445996.1
        ],
        [
          850445996.1,
          860875836.8
        ],
        [
          860875836.8,
          871305677.5
        ],
        [
          871305677.5,
          881735518.2
        ],
        [
          881735518.2,
          892165358.9
        ],
        [
          892165358.9,
          902595199.6
        ],
        [
          902595199.6,
          913025040.3
        ],
        [
          913025040.3,
          923454881.0
        ]
      ],
      "counts": [
        393,
        112,
        196,
        1024,
        166,
        74,
        30,
        3,
        1,
        1
      ]
    }
  },
  "n_samples_completed": 2000,
  "n_samples_failed": 0,
  "n_samples_issued": 2000,
  "output_sequence_lengths": null,
  "qps": 1.1758720783794798,
  "test_started_at": 4405442542812352,
  "tpot": null,
  "tpot_reporting_mode": "request_weighted",
  "tps": null,
  "ttft": {
    "total": 108549901206,
    "min": 25559985,
    "max": 93614001,
    "median": 57822187.0,
    "avg": 54274950.603,
    "std_dev": 11951184.033257844,
    "percentiles": {
      "99.9": 88938905.43600076,
      "99": 81733094.27,
      "97": 74164919.28999999,
      "95": 70652950.3,
      "90": 64690281.00000001,
      "80": 61525473.6,
      "75": 60773170.5,
      "50": 57822187.0,
      "25": 41974001.0,
      "10": 35148897.9,
      "5": 34276385.05,
      "1": 33322207.93
    },
    "histogram": {
      "buckets": [
        [
          25559985.0,
          32365386.6
        ],
        [
          32365386.6,
          39170788.2
        ],
        [
          39170788.2,
          45976189.8
        ],
        [
          45976189.8,
          52781591.4
        ],
        [
          52781591.4,
          59586993.0
        ],
        [
          59586993.0,
          66392394.599999994
        ],
        [
          66392394.599999994,
          73197796.19999999
        ],
        [
          73197796.19999999,
          80003197.8
        ],
        [
          80003197.8,
          86808599.4
        ],
        [
          86808599.4,
          93614001.0
        ]
      ],
      "counts": [
        10,
        471,
        27,
        9,
        807,
        516,
        92,
        37,
        26,
        5
      ]
    }
  },
  "version": "0.1.0"
}