{
  "duration_ns": 40461883628.0,
  "git_sha": "9070ded",
  "latency": {
    "total": 642828749710,
    "min": 1014137610,
    "max": 1432050768,
    "median": 1274905030.5,
    "avg": 1285657499.42,
    "std_dev": 66405763.735579394,
    "percentiles": {
      "99.9": 1427236478.8740003,
      "99": 1418782277.12,
      "97": 1404247873.12,
      "95": 1402679736.55,
      "90": 1373746862.9,
      "80": 1351385556.2,
      "75": 1345184941.5,
      "50": 1274905030.5,
      "25": 1243819130.0,
      "10": 1209652316.3,
      "5": 1178559306.4,
      "1": 1154380296.18
    },
    "histogram": {
      "buckets": [
        [
          1014137610.0,
          1055928925.8
        ],
        [
          1055928925.8,
          1097720241.6
        ],
        [
          1097720241.6,
          1139511557.4
        ],
        [
          1139511557.4,
          1181302873.2
        ],
        [
          1181302873.2,
          1223094189.0
        ],
        [
          1223094189.0,
          1264885504.8
        ],
        [
          1264885504.8,
          1306676820.6
        ],
        [
          1306676820.6,
          1348468136.4
        ],
        [
          1348468136.4,
          1390259452.2
        ],
        [
          1390259452.2,
          1432050768.0
        ]
      ],
      "counts": [
        3,
        1,
        0,
        27,
        33,
        145,
        109,
        77,
        73,
        32
      ]
    }
  },
  "n_samples_completed": 500,
  "n_samples_failed": 0,
  "n_samples_issued": 500,
  "output_sequence_lengths": null,
  "qps": 12.357309031801854,
  "test_started_at": 4142255903219726,
  "tpot": null,
  "tpot_reporting_mode": "request_weighted",
  "tps": null,
  "ttft": {
    "total": 111631702373,
    "min": 48286304,
    "max": 456695253,
    "median": 237157009.0,
    "avg": 223263404.746,
    "std_dev": 102293976.15638243,
    "percentiles": {
      "99.9": 456513786.161,
      "99": 421515361.75,
      "97": 403110738.01,
      "95": 380682504.95,
      "90": 348526166.10000014,
      "80": 314533776.6,
      "75": 309748480.0,
      "50": 237157009.0,
      "25": 124025825.0,
      "10": 91208479.9,
      "5": 77246746.9,
      "1": 63359302.83
    },
    "histogram": {
      "buckets": [
        [
          48286304.0,
          89127198.9
        ],
        [
          89127198.9,
          129968093.8
        ],
        [
          129968093.8,
          170808988.7
        ],
        [
          170808988.7,
          211649883.6
        ],
        [
          211649883.6,
          252490778.5
        ],
        [
          252490778.5,
          293331673.4
        ],
        [
          293331673.4,
          334172568.3
        ],
        [
          334172568.3,
          375013463.2
        ],
        [
          375013463.2,
          415854358.09999996
        ],
        [
          415854358.09999996,
          456695253.0
        ]
      ],
      "counts": [
        45,
        88,
        59,
        40,
        39,
        54,
        110,
        28,
        27,
        10
      ]
    }
  },
  "version": "0.1.0"
}