{
  "duration_ns": 463982867331.0,
  "git_sha": "06ccd43",
  "latency": {
    "total": 1853733963318,
    "min": 852553003,
    "max": 1014048250,
    "median": 924509395.5,
    "avg": 926866981.659,
    "std_dev": 25481222.530624714,
    "percentiles": {
      "99.9": 1013227066.315,
      "99": 988879531.51,
      "97": 980311158.16,
      "95": 970709711.2,
      "90": 959941362.7,
      "80": 948633799.4,
      "75": 943991255.25,
      "50": 924509395.5,
      "25": 910325926.25,
      "10": 896418964.4,
      "5": 887464770.9,
      "1": 865910975.17
    },
    "histogram": {
      "buckets": [
        [
          852553003.0,
          868702527.7
        ],
        [
          868702527.7,
          884852052.4
        ],
        [
          884852052.4,
          901001577.1
        ],
        [
          901001577.1,
          917151101.8
        ],
        [
          917151101.8,
          933300626.5
        ],
        [
          933300626.5,
          949450151.2
        ],
        [
          949450151.2,
          965599675.9
        ],
        [
          965599675.9,
          981749200.6
        ],
        [
          981749200.6,
          997898725.3
        ],
        [
          997898725.3,
          1014048250.0
        ]
      ],
      "counts": [
        24,
        63,
        205,
        446,
        529,
        353,
        248,
        79,
        47,
        6
      ]
    }
  },
  "n_samples_completed": 2000,
  "n_samples_failed": 0,
  "n_samples_issued": 2000,
  "output_sequence_lengths": null,
  "qps": 4.310503988013038,
  "test_started_at": 4393027258360775,
  "tpot": null,
  "tpot_reporting_mode": "request_weighted",
  "tps": null,
  "ttft": {
    "total": 162475754262,
    "min": 34163522,
    "max": 163617440,
    "median": 82937255.0,
    "avg": 81237877.131,
    "std_dev": 24076253.340643775,
    "percentiles": {
      "99.9": 163088670.13600004,
      "99": 143993513.28,
      "97": 134545130.73,
      "95": 123028317.84999998,
      "90": 111171828.90000004,
      "80": 99271442.4,
      "75": 95104111.5,
      "50": 82937255.0,
      "25": 61710873.75,
      "10": 52870995.0,
      "5": 38355093.75,
      "1": 36564252.56
    },
    "histogram": {
      "buckets": [
        [
          34163522.0,
          47108913.8
        ],
        [
          47108913.8,
          60054305.6
        ],
        [
          60054305.6,
          72999697.4
        ],
        [
          72999697.4,
          85945089.2
        ],
        [
          85945089.2,
          98890481.0
        ],
        [
          98890481.0,
          111835872.80000001
        ],
        [
          111835872.80000001,
          124781264.60000001
        ],
        [
          124781264.60000001,
          137726656.4
        ],
        [
          137726656.4,
          150672048.2
        ],
        [
          150672048.2,
          163617440.0
        ]
      ],
      "counts": [
        159,
        229,
        365,
        420,
        420,
        212,
        98,
        51,
        32,
        14
      ]
    }
  },
  "version": "0.1.0"
}