{
  "duration_ns": 1707758252551.0,
  "git_sha": "e15950c",
  "latency": {
    "total": 1706212709654,
    "min": 821561387,
    "max": 10179033068,
    "median": 851240339.5,
    "avg": 853106354.827,
    "std_dev": 209107506.10858256,
    "percentiles": {
      "99.9": 893312795.5000156,
      "99": 885312709.13,
      "97": 876743662.33,
      "95": 871827493.3,
      "90": 863279750.5,
      "80": 856910501.0,
      "75": 855522739.0,
      "50": 851240339.5,
      "25": 846960541.0,
      "10": 825218844.2,
      "5": 824410381.35,
      "1": 823569164.4
    },
    "histogram": {
      "buckets": [
        [
          821561387.0,
          1757308555.1
        ],
        [
          1757308555.1,
          2693055723.2
        ],
        [
          2693055723.2,
          3628802891.3
        ],
        [
          3628802891.3,
          4564550059.4
        ],
        [
          4564550059.4,
          5500297227.5
        ],
        [
          5500297227.5,
          6436044395.6
        ],
        [
          6436044395.6,
          7371791563.7
        ],
        [
          7371791563.7,
          8307538731.8
        ],
        [
          8307538731.8,
          9243285899.900002
        ],
        [
          9243285899.900002,
          10179033068.0
        ]
      ],
      "counts": [
        1999,
        0,
        0,
        0,
        0,
        0,
        0,
        0,
        0,
        1
      ]
    }
  },
  "n_samples_completed": 2000,
  "n_samples_failed": 0,
  "n_samples_issued": 2000,
  "output_sequence_lengths": null,
  "qps": 1.1711259465515438,
  "test_started_at": 4387263947969111,
  "tpot": null,
  "tpot_reporting_mode": "request_weighted",
  "tps": null,
  "ttft": {
    "total": 111853939832,
    "min": 31786223,
    "max": 335930939,
    "median": 58984512.5,
    "avg": 55926969.916,
    "std_dev": 14195995.40318831,
    "percentiles": {
      "99.9": 94541993.10801677,
      "99": 86752644.61,
      "97": 76785727.6,
      "95": 73372271.3,
      "90": 67058645.2,
      "80": 63126104.800000004,
      "75": 62221939.75,
      "50": 58984512.5,
      "25": 55664300.0,
      "10": 35110099.4,
      "5": 34285945.05,
      "1": 33359445.24
    },
    "histogram": {
      "buckets": [
        [
          31786223.0,
          62200694.6
        ],
        [
          62200694.6,
          92615166.2
        ],
        [
          92615166.2,
          123029637.80000001
        ],
        [
          123029637.80000001,
          153444109.4
        ],
        [
          153444109.4,
          183858581.0
        ],
        [
          183858581.0,
          214273052.60000002
        ],
        [
          214273052.60000002,
          244687524.20000002
        ],
        [
          244687524.20000002,
          275101995.8
        ],
        [
          275101995.8,
          305516467.40000004
        ],
        [
          305516467.40000004,
          335930939.0
        ]
      ],
      "counts": [
        1497,
        499,
        2,
        0,
        1,
        0,
        0,
        0,
        0,
        1
      ]
    }
  },
  "version": "0.1.0"
}