{
  "duration_ns": 170698776295.0,
  "git_sha": "e15950c",
  "latency": {
    "total": 2708336057469,
    "min": 967326150,
    "max": 11572673712,
    "median": 1282125279.0,
    "avg": 1354168028.7345,
    "std_dev": 850090803.6142526,
    "percentiles": {
      "99.9": 11572118048.815,
      "99": 1425580898.06,
      "97": 1406407543.34,
      "95": 1389487626.15,
      "90": 1358409075.1,
      "80": 1330239136.2,
      "75": 1320780702.75,
      "50": 1282125279.0,
      "25": 1242430720.5,
      "10": 1205907034.5,
      "5": 1189997432.95,
      "1": 1144766266.36
    },
    "histogram": {
      "buckets": [
        [
          967326150.0,
          2027860906.2
        ],
        [
          2027860906.2,
          3088395662.4
        ],
        [
          3088395662.4,
          4148930418.6000004
        ],
        [
          4148930418.6000004,
          5209465174.8
        ],
        [
          5209465174.8,
          6269999931.0
        ],
        [
          6269999931.0,
          7330534687.200001
        ],
        [
          7330534687.200001,
          8391069443.400001
        ],
        [
          8391069443.400001,
          9451604199.6
        ],
        [
          9451604199.6,
          10512138955.800001
        ],
        [
          10512138955.800001,
          11572673712.0
        ]
      ],
      "counts": [
        1985,
        0,
        0,
        0,
        0,
        0,
        0,
        0,
        3,
        12
      ]
    }
  },
  "n_samples_completed": 2000,
  "n_samples_failed": 0,
  "n_samples_issued": 2000,
  "output_sequence_lengths": null,
  "qps": 11.716545621531692,
  "test_started_at": 4394187979112665,
  "tpot": null,
  "tpot_reporting_mode": "request_weighted",
  "tps": null,
  "ttft": {
    "total": 494565277154,
    "min": 39885646,
    "max": 481890558,
    "median": 286868918.5,
    "avg": 247282638.577,
    "std_dev": 105851061.36868232,
    "percentiles": {
      "99.9": 462273120.94200397,
      "99": 444228836.5,
      "97": 409072841.72999984,
      "95": 386468203.3,
      "90": 363407262.9,
      "80": 335884864.0,
      "75": 323030419.75,
      "50": 286868918.5,
      "25": 152603857.0,
      "10": 86418818.1,
      "5": 67865313.7,
      "1": 49840568.28
    },
    "histogram": {
      "buckets": [
        [
          39885646.0,
          84086137.2
        ],
        [
          84086137.2,
          128286628.4
        ],
        [
          128286628.4,
          172487119.60000002
        ],
        [
          172487119.60000002,
          216687610.8
        ],
        [
          216687610.8,
          260888102.0
        ],
        [
          260888102.0,
          305088593.20000005
        ],
        [
          305088593.20000005,
          349289084.40000004
        ],
        [
          349289084.40000004,
          393489575.6
        ],
        [
          393489575.6,
          437690066.8
        ],
        [
          437690066.8,
          481890558.0
        ]
      ],
      "counts": [
        185,
        232,
        172,
        158,
        116,
        380,
        419,
        256,
        52,
        30
      ]
    }
  },
  "version": "0.1.0"
}