{
  "duration_ns": 116808209840.0,
  "git_sha": "9070ded",
  "latency": {
    "total": 466408683110,
    "min": 876111438,
    "max": 1017025441,
    "median": 930405444.0,
    "avg": 932817366.22,
    "std_dev": 26257991.263578463,
    "percentiles": {
      "99.9": 1016946124.451,
      "99": 1001100739.8199999,
      "97": 987600405.76,
      "95": 983564911.15,
      "90": 967299451.3,
      "80": 954425465.0,
      "75": 947294457.25,
      "50": 930405444.0,
      "25": 913630470.25,
      "10": 901176156.7,
      "5": 896613070.1,
      "1": 888128980.24
    },
    "histogram": {
      "buckets": [
        [
          876111438.0,
          890202838.3
        ],
        [
          890202838.3,
          904294238.6
        ],
        [
          904294238.6,
          918385638.9
        ],
        [
          918385638.9,
          932477039.2
        ],
        [
          932477039.2,
          946568439.5
        ],
        [
          946568439.5,
          960659839.8
        ],
        [
          960659839.8,
          974751240.1
        ],
        [
          974751240.1,
          988842640.4
        ],
        [
          988842640.4,
          1002934040.7
        ],
        [
          1002934040.7,
          1017025441.0
        ]
      ],
      "counts": [
        11,
        49,
        108,
        97,
        102,
        58,
        37,
        24,
        11,
        3
      ]
    }
  },
  "n_samples_completed": 500,
  "n_samples_failed": 0,
  "n_samples_issued": 500,
  "output_sequence_lengths": null,
  "qps": 4.280521041156981,
  "test_started_at": 4142077435427980,
  "tpot": null,
  "tpot_reporting_mode": "request_weighted",
  "tps": null,
  "ttft": {
    "total": 46067332922,
    "min": 35069379,
    "max": 161414921,
    "median": 91939464.5,
    "avg": 92134665.844,
    "std_dev": 26701408.85809102,
    "percentiles": {
      "99.9": 161278673.541,
      "99": 159392354.28,
      "97": 153146836.35,
      "95": 139586578.89999998,
      "90": 127223337.5,
      "80": 114088802.8,
      "75": 108416840.5,
      "50": 91939464.5,
      "25": 73174227.75,
      "10": 59429650.0,
      "5": 53455401.75,
      "1": 36645061.15
    },
    "histogram": {
      "buckets": [
        [
          35069379.0,
          47703933.2
        ],
        [
          47703933.2,
          60338487.4
        ],
        [
          60338487.4,
          72973041.6
        ],
        [
          72973041.6,
          85607595.8
        ],
        [
          85607595.8,
          98242150.0
        ],
        [
          98242150.0,
          110876704.19999999
        ],
        [
          110876704.19999999,
          123511258.39999999
        ],
        [
          123511258.39999999,
          136145812.6
        ],
        [
          136145812.6,
          148780366.8
        ],
        [
          148780366.8,
          161414921.0
        ]
      ],
      "counts": [
        22,
        42,
        59,
        85,
        96,
        78,
        59,
        29,
        14,
        16
      ]
    }
  },
  "version": "0.1.0"
}