{
  "duration_ns": 475665535529.0,
  "git_sha": "e15950c",
  "latency": {
    "total": 1889448604289,
    "min": 870029804,
    "max": 11470166061,
    "median": 927347889.0,
    "avg": 944724302.1445,
    "std_dev": 400596242.30657274,
    "percentiles": {
      "99.9": 11155627546.201,
      "99": 990664196.88,
      "97": 977605514.24,
      "95": 970526321.3,
      "90": 959623264.0,
      "80": 949184446.0,
      "75": 944816135.0,
      "50": 927347889.0,
      "25": 912997407.25,
      "10": 899692017.0,
      "5": 892698019.35,
      "1": 877893042.36
    },
    "histogram": {
      "buckets": [
        [
          870029804.0,
          1930043429.7
        ],
        [
          1930043429.7,
          2990057055.4
        ],
        [
          2990057055.4,
          4050070681.1000004
        ],
        [
          4050070681.1000004,
          5110084306.8
        ],
        [
          5110084306.8,
          6170097932.5
        ],
        [
          6170097932.5,
          7230111558.200001
        ],
        [
          7230111558.200001,
          8290125183.900001
        ],
        [
          8290125183.900001,
          9350138809.6
        ],
        [
          9350138809.6,
          10410152435.300001
        ],
        [
          10410152435.300001,
          11470166061.0
        ]
      ],
      "counts": [
        1997,
        0,
        0,
        0,
        0,
        0,
        0,
        0,
        0,
        3
      ]
    }
  },
  "n_samples_completed": 2000,
  "n_samples_failed": 0,
  "n_samples_issued": 2000,
  "output_sequence_lengths": null,
  "qps": 4.204635086239216,
  "test_started_at": 4391995023793699,
  "tpot": null,
  "tpot_reporting_mode": "request_weighted",
  "tps": null,
  "ttft": {
    "total": 161792204376,
    "min": 31140961,
    "max": 203660723,
    "median": 80490707.0,
    "avg": 80896102.188,
    "std_dev": 22477062.084151007,
    "percentiles": {
      "99.9": 172219633.40200335,
      "99": 144695238.23999998,
      "97": 131680585.1,
      "95": 122150337.7,
      "90": 108816927.80000004,
      "80": 96528095.6,
      "75": 92404292.0,
      "50": 80490707.0,
      "25": 65551746.75,
      "10": 55194487.300000004,
      "5": 47868829.85,
      "1": 36542978.68
    },
    "histogram": {
      "buckets": [
        [
          31140961.0,
          48392937.2
        ],
        [
          48392937.2,
          65644913.4
        ],
        [
          65644913.4,
          82896889.6
        ],
        [
          82896889.6,
          100148865.8
        ],
        [
          100148865.8,
          117400842.0
        ],
        [
          117400842.0,
          134652818.2
        ],
        [
          134652818.2,
          151904794.39999998
        ],
        [
          151904794.39999998,
          169156770.6
        ],
        [
          169156770.6,
          186408746.79999998
        ],
        [
          186408746.79999998,
          203660723.0
        ]
      ],
      "counts": [
        107,
        395,
        640,
        540,
        187,
        78,
        39,
        10,
        2,
        2
      ]
    }
  },
  "version": "0.1.0"
}