{
  "duration_ns": 117085095985.0,
  "git_sha": "5adc9ed",
  "latency": {
    "total": 466989786515,
    "min": 859492304,
    "max": 1036393067,
    "median": 928822549.5,
    "avg": 933979573.03,
    "std_dev": 28749915.719035298,
    "percentiles": {
      "99.9": 1036276545.011,
      "99": 1021467654.26,
      "97": 996678753.42,
      "95": 990495037.8,
      "90": 972667669.5,
      "80": 957608296.4,
      "75": 951457418.0,
      "50": 928822549.5,
      "25": 912600777.75,
      "10": 904182613.4,
      "5": 894699565.9,
      "1": 883845628.47
    },
    "histogram": {
      "buckets": [
        [
          859492304.0,
          877182380.3
        ],
        [
          877182380.3,
          894872456.6
        ],
        [
          894872456.6,
          912562532.9
        ],
        [
          912562532.9,
          930252609.2
        ],
        [
          930252609.2,
          947942685.5
        ],
        [
          947942685.5,
          965632761.8
        ],
        [
          965632761.8,
          983322838.1
        ],
        [
          983322838.1,
          1001012914.4
        ],
        [
          1001012914.4,
          1018702990.7
        ],
        [
          1018702990.7,
          1036393067.0
        ]
      ],
      "counts": [
        2,
        25,
        97,
        140,
        88,
        69,
        50,
        17,
        6,
        6
      ]
    }
  },
  "n_samples_completed": 500,
  "n_samples_failed": 0,
  "n_samples_issued": 500,
  "output_sequence_lengths": null,
  "qps": 4.2703983439878295,
  "test_started_at": 4145066090271699,
  "tpot": null,
  "tpot_reporting_mode": "request_weighted",
  "tps": null,
  "ttft": {
    "total": 51450300219,
    "min": 36215864,
    "max": 184742310,
    "median": 102557732.5,
    "avg": 102900600.438,
    "std_dev": 27698203.88160278,
    "percentiles": {
      "99.9": 181314721.9140002,
      "99": 175881447.78,
      "97": 161025181.76999998,
      "95": 154752833.9,
      "90": 142104533.70000002,
      "80": 121594480.40000002,
      "75": 116009232.5,
      "50": 102557732.5,
      "25": 89684103.0,
      "10": 66844270.00000003,
      "5": 54454521.25,
      "1": 36958070.21
    },
    "histogram": {
      "buckets": [
        [
          36215864.0,
          51068508.6
        ],
        [
          51068508.6,
          65921153.2
        ],
        [
          65921153.2,
          80773797.8
        ],
        [
          80773797.8,
          95626442.4
        ],
        [
          95626442.4,
          110479087.0
        ],
        [
          110479087.0,
          125331731.6
        ],
        [
          125331731.6,
          140184376.2
        ],
        [
          140184376.2,
          155037020.8
        ],
        [
          155037020.8,
          169889665.39999998
        ],
        [
          169889665.39999998,
          184742310.0
        ]
      ],
      "counts": [
        18,
        32,
        39,
        73,
        173,
        77,
        37,
        27,
        15,
        9
      ]
    }
  },
  "version": "0.1.0"
}