{
  "duration_ns": 426675302066.0,
  "git_sha": "5adc9ed",
  "latency": {
    "total": 426253863812,
    "min": 823244287,
    "max": 1809234721,
    "median": 852380898.5,
    "avg": 852507727.624,
    "std_dev": 46351769.551824145,
    "percentiles": {
      "99.9": 1432320969.180025,
      "99": 887537442.43,
      "97": 880579988.72,
      "95": 875900093.4,
      "90": 867462592.8,
      "80": 859367980.4,
      "75": 857303483.25,
      "50": 852380898.5,
      "25": 848139887.75,
      "10": 826419785.1,
      "5": 825461595.5,
      "1": 824126565.35
    },
    "histogram": {
      "buckets": [
        [
          823244287.0,
          921843330.4
        ],
        [
          921843330.4,
          1020442373.8
        ],
        [
          1020442373.8,
          1119041417.2
        ],
        [
          1119041417.2,
          1217640460.6
        ],
        [
          1217640460.6,
          1316239504.0
        ],
        [
          1316239504.0,
          1414838547.4
        ],
        [
          1414838547.4,
          1513437590.8000002
        ],
        [
          1513437590.8000002,
          1612036634.2
        ],
        [
          1612036634.2,
          1710635677.6
        ],
        [
          1710635677.6,
          1809234721.0
        ]
      ],
      "counts": [
        497,
        1,
        1,
        0,
        0,
        0,
        0,
        0,
        0,
        1
      ]
    }
  },
  "n_samples_completed": 500,
  "n_samples_failed": 0,
  "n_samples_issued": 500,
  "output_sequence_lengths": null,
  "qps": 1.171851282647379,
  "test_started_at": 4144581246931055,
  "tpot": null,
  "tpot_reporting_mode": "request_weighted",
  "tps": null,
  "ttft": {
    "total": 29935377624,
    "min": 33181228,
    "max": 1019742233,
    "median": 60074534.5,
    "avg": 59870755.248,
    "std_dev": 45809934.10540921,
    "percentiles": {
      "99.9": 637272585.7390255,
      "99": 87725196.38999994,
      "97": 81410443.53999999,
      "95": 77234987.59999995,
      "90": 71140606.9,
      "80": 65193211.0,
      "75": 63621354.25,
      "50": 60074534.5,
      "25": 56742064.0,
      "10": 36306049.1,
      "5": 35290789.25,
      "1": 34524253.11
    },
    "histogram": {
      "buckets": [
        [
          33181228.0,
          131837328.5
        ],
        [
          131837328.5,
          230493429.0
        ],
        [
          230493429.0,
          329149529.5
        ],
        [
          329149529.5,
          427805630.0
        ],
        [
          427805630.0,
          526461730.5
        ],
        [
          526461730.5,
          625117831.0
        ],
        [
          625117831.0,
          723773931.5
        ],
        [
          723773931.5,
          822430032.0
        ],
        [
          822430032.0,
          921086132.5
        ],
        [
          921086132.5,
          1019742233.0
        ]
      ],
      "counts": [
        497,
        1,
        1,
        0,
        0,
        0,
        0,
        0,
        0,
        1
      ]
    }
  },
  "version": "0.1.0"
}