{
  "duration_ns": 465656043693.0,
  "git_sha": "1cea633",
  "latency": {
    "total": 1861137595109,
    "min": 859853920,
    "max": 1020300731,
    "median": 928377433.5,
    "avg": 930568797.5545,
    "std_dev": 25865059.11025679,
    "percentiles": {
      "99.9": 1009248294.3820003,
      "99": 996264075.62,
      "97": 985396932.07,
      "95": 976026949.55,
      "90": 964354310.7,
      "80": 951376891.0,
      "75": 947240135.0,
      "50": 928377433.5,
      "25": 912534104.0,
      "10": 898900813.6,
      "5": 890515272.85,
      "1": 877717982.56
    },
    "histogram": {
      "buckets": [
        [
          859853920.0,
          875898601.1
        ],
        [
          875898601.1,
          891943282.2
        ],
        [
          891943282.2,
          907987963.3
        ],
        [
          907987963.3,
          924032644.4
        ],
        [
          924032644.4,
          940077325.5
        ],
        [
          940077325.5,
          956122006.6
        ],
        [
          956122006.6,
          972166687.7
        ],
        [
          972166687.7,
          988211368.8
        ],
        [
          988211368.8,
          1004256049.9
        ],
        [
          1004256049.9,
          1020300731.0
        ]
      ],
      "counts": [
        13,
        99,
        270,
        475,
        469,
        355,
        186,
        78,
        48,
        7
      ]
    }
  },
  "n_samples_completed": 2000,
  "n_samples_failed": 0,
  "n_samples_issued": 2000,
  "output_sequence_lengths": null,
  "qps": 4.295015660354169,
  "test_started_at": 4407230014286961,
  "tpot": null,
  "tpot_reporting_mode": "request_weighted",
  "tps": null,
  "ttft": {
    "total": 166599606688,
    "min": 33701657,
    "max": 168942547,
    "median": 82940015.0,
    "avg": 83299803.344,
    "std_dev": 25688530.482031483,
    "percentiles": {
      "99.9": 168482994.82600003,
      "99": 151924522.32999998,
      "97": 138259770.57,
      "95": 130369098.85,
      "90": 116044175.30000001,
      "80": 102694527.4,
      "75": 97725834.0,
      "50": 82940015.0,
      "25": 62731296.5,
      "10": 52952679.7,
      "5": 39165426.55,
      "1": 36590133.92
    },
    "histogram": {
      "buckets": [
        [
          33701657.0,
          47225746.0
        ],
        [
          47225746.0,
          60749835.0
        ],
        [
          60749835.0,
          74273924.0
        ],
        [
          74273924.0,
          87798013.0
        ],
        [
          87798013.0,
          101322102.0
        ],
        [
          101322102.0,
          114846191.0
        ],
        [
          114846191.0,
          128370280.0
        ],
        [
          128370280.0,
          141894369.0
        ],
        [
          141894369.0,
          155418458.0
        ],
        [
          155418458.0,
          168942547.0
        ]
      ],
      "counts": [
        147,
        289,
        305,
        445,
        389,
        205,
        103,
        72,
        32,
        13
      ]
    }
  },
  "version": "0.1.0"
}