{
  "duration_ns": 1702152108736.0,
  "git_sha": "1cea633",
  "latency": {
    "total": 1700569923505,
    "min": 821220851,
    "max": 895685894,
    "median": 853062383.0,
    "avg": 850284961.7525,
    "std_dev": 14257092.539698986,
    "percentiles": {
      "99.9": 891456890.0460001,
      "99": 885784753.25,
      "97": 877896656.74,
      "95": 873862907.0,
      "90": 864585650.2,
      "80": 858962254.2,
      "75": 857591879.25,
      "50": 853062383.0,
      "25": 839599876.75,
      "10": 828053513.1,
      "5": 827386363.7,
      "1": 826707746.44
    },
    "histogram": {
      "buckets": [
        [
          821220851.0,
          828667355.3
        ],
        [
          828667355.3,
          836113859.6
        ],
        [
          836113859.6,
          843560363.9
        ],
        [
          843560363.9,
          851006868.2
        ],
        [
          851006868.2,
          858453372.5
        ],
        [
          858453372.5,
          865899876.8
        ],
        [
          865899876.8,
          873346381.1
        ],
        [
          873346381.1,
          880792885.4
        ],
        [
          880792885.4,
          888239389.7
        ],
        [
          888239389.7,
          895685894.0
        ]
      ],
      "counts": [
        284,
        208,
        12,
        205,
        860,
        246,
        81,
        64,
        28,
        12
      ]
    }
  },
  "n_samples_completed": 2000,
  "n_samples_failed": 0,
  "n_samples_issued": 2000,
  "output_sequence_lengths": null,
  "qps": 1.1749831226806038,
  "test_started_at": 4403622307339793,
  "tpot": null,
  "tpot_reporting_mode": "request_weighted",
  "tps": null,
  "ttft": {
    "total": 109443809507,
    "min": 26337690,
    "max": 91749934,
    "median": 58067855.5,
    "avg": 54721904.7535,
    "std_dev": 12168593.556916513,
    "percentiles": {
      "99.9": 88004169.56600042,
      "99": 83128592.36,
      "97": 75761486.03999999,
      "95": 71754000.0,
      "90": 65951356.400000006,
      "80": 62038438.6,
      "75": 61231759.5,
      "50": 58067855.5,
      "25": 45944763.25,
      "10": 34892849.5,
      "5": 34294900.85,
      "1": 33469108.86
    },
    "histogram": {
      "buckets": [
        [
          26337690.0,
          32878914.4
        ],
        [
          32878914.4,
          39420138.8
        ],
        [
          39420138.8,
          45961363.2
        ],
        [
          45961363.2,
          52502587.6
        ],
        [
          52502587.6,
          59043812.0
        ],
        [
          59043812.0,
          65585036.400000006
        ],
        [
          65585036.400000006,
          72126260.80000001
        ],
        [
          72126260.80000001,
          78667485.2
        ],
        [
          78667485.2,
          85208709.6
        ],
        [
          85208709.6,
          91749934.0
        ]
      ],
      "counts": [
        8,
        461,
        31,
        5,
        657,
        633,
        110,
        53,
        31,
        11
      ]
    }
  },
  "version": "0.1.0"
}