{
  "duration_ns": 427043437695.0,
  "git_sha": "9070ded",
  "latency": {
    "total": 426640335073,
    "min": 822288387,
    "max": 1638231680,
    "median": 853640289.5,
    "avg": 853280670.146,
    "std_dev": 39055314.3939399,
    "percentiles": {
      "99.9": 1337891764.09902,
      "99": 888364426.91,
      "97": 881032082.96,
      "95": 877455238.95,
      "90": 870115502.1,
      "80": 860797218.4,
      "75": 858473292.75,
      "50": 853640289.5,
      "25": 848443330.0,
      "10": 828044556.3,
      "5": 827176054.05,
      "1": 826002311.4
    },
    "histogram": {
      "buckets": [
        [
          822288387.0,
          903882716.3
        ],
        [
          903882716.3,
          985477045.6
        ],
        [
          985477045.6,
          1067071374.9
        ],
        [
          1067071374.9,
          1148665704.2
        ],
        [
          1148665704.2,
          1230260033.5
        ],
        [
          1230260033.5,
          1311854362.8
        ],
        [
          1311854362.8,
          1393448692.1
        ],
        [
          1393448692.1,
          1475043021.4
        ],
        [
          1475043021.4,
          1556637350.6999998
        ],
        [
          1556637350.6999998,
          1638231680.0
        ]
      ],
      "counts": [
        498,
        0,
        1,
        0,
        0,
        0,
        0,
        0,
        0,
        1
      ]
    }
  },
  "n_samples_completed": 500,
  "n_samples_failed": 0,
  "n_samples_issued": 500,
  "output_sequence_lengths": null,
  "qps": 1.1708410804736602,
  "test_started_at": 4141591357166805,
  "tpot": null,
  "tpot_reporting_mode": "request_weighted",
  "tps": null,
  "ttft": {
    "total": 29555332636,
    "min": 32212871,
    "max": 846187513,
    "median": 59707179.0,
    "avg": 59110665.272,
    "std_dev": 38373636.38931204,
    "percentiles": {
      "99.9": 541274975.1700203,
      "99": 88895751.27999997,
      "97": 82324180.62,
      "95": 77670794.04999998,
      "90": 72051210.4,
      "80": 65245047.6,
      "75": 63441787.25,
      "50": 59707179.0,
      "25": 55313180.0,
      "10": 36301748.3,
      "5": 35302815.55,
      "1": 34388093.41
    },
    "histogram": {
      "buckets": [
        [
          32212871.0,
          113610335.2
        ],
        [
          113610335.2,
          195007799.4
        ],
        [
          195007799.4,
          276405263.6
        ],
        [
          276405263.6,
          357802727.8
        ],
        [
          357802727.8,
          439200192.0
        ],
        [
          439200192.0,
          520597656.20000005
        ],
        [
          520597656.20000005,
          601995120.4
        ],
        [
          601995120.4,
          683392584.6
        ],
        [
          683392584.6,
          764790048.8000001
        ],
        [
          764790048.8000001,
          846187513.0
        ]
      ],
      "counts": [
        498,
        0,
        1,
        0,
        0,
        0,
        0,
        0,
        0,
        1
      ]
    }
  },
  "version": "0.1.0"
}