{
  "duration_ns": 158554792296.0,
  "git_sha": "1cea633",
  "latency": {
    "total": 2528107837326,
    "min": 994825690,
    "max": 1437843982,
    "median": 1269154372.0,
    "avg": 1264053918.663,
    "std_dev": 64741031.58009196,
    "percentiles": {
      "99.9": 1428719620.089,
      "99": 1387938966.4599998,
      "97": 1370957922.06,
      "95": 1356711077.7,
      "90": 1337447138.0,
      "80": 1315062194.6,
      "75": 1304066853.75,
      "50": 1269154372.0,
      "25": 1231236823.0,
      "10": 1186852875.0,
      "5": 1151807413.55,
      "1": 1054493291.79
    },
    "histogram": {
      "buckets": [
        [
          994825690.0,
          1039127519.2
        ],
        [
          1039127519.2,
          1083429348.4
        ],
        [
          1083429348.4,
          1127731177.6
        ],
        [
          1127731177.6,
          1172033006.8
        ],
        [
          1172033006.8,
          1216334836.0
        ],
        [
          1216334836.0,
          1260636665.2
        ],
        [
          1260636665.2,
          1304938494.4
        ],
        [
          1304938494.4,
          1349240323.6
        ],
        [
          1349240323.6,
          1393542152.8
        ],
        [
          1393542152.8,
          1437843982.0
        ]
      ],
      "counts": [
        19,
        32,
        22,
        86,
        187,
        540,
        624,
        361,
        109,
        20
      ]
    }
  },
  "n_samples_completed": 2000,
  "n_samples_failed": 0,
  "n_samples_issued": 2000,
  "output_sequence_lengths": null,
  "qps": 12.613935984137743,
  "test_started_at": 4408327929232708,
  "tpot": null,
  "tpot_reporting_mode": "request_weighted",
  "tps": null,
  "ttft": {
    "total": 411766341562,
    "min": 39067451,
    "max": 428671040,
    "median": 201779035.0,
    "avg": 205883170.781,
    "std_dev": 95614608.79520942,
    "percentiles": {
      "99.9": 409336366.14500207,
      "99": 372423213.92999995,
      "97": 354985947.21999997,
      "95": 346015185.9,
      "90": 332570825.9,
      "80": 305968193.0,
      "75": 296144313.0,
      "50": 201779035.0,
      "25": 120981685.0,
      "10": 82871033.0,
      "5": 62430995.05,
      "1": 45677456.88
    },
    "histogram": {
      "buckets": [
        [
          39067451.0,
          78027809.9
        ],
        [
          78027809.9,
          116988168.8
        ],
        [
          116988168.8,
          155948527.7
        ],
        [
          155948527.7,
          194908886.6
        ],
        [
          194908886.6,
          233869245.5
        ],
        [
          233869245.5,
          272829604.4
        ],
        [
          272829604.4,
          311789963.3
        ],
        [
          311789963.3,
          350750322.2
        ],
        [
          350750322.2,
          389710681.09999996
        ],
        [
          389710681.09999996,
          428671040.0
        ]
      ],
      "counts": [
        185,
        273,
        319,
        220,
        139,
        191,
        339,
        250,
        78,
        6
      ]
    }
  },
  "version": "0.1.0"
}