{
  "duration_ns": 1700547760877.0,
  "git_sha": "cd264b3",
  "latency": {
    "total": 1699001442598,
    "min": 822653615,
    "max": 1714703823,
    "median": 851522034.0,
    "avg": 849500721.299,
    "std_dev": 24717234.967311278,
    "percentiles": {
      "99.9": 974568950.0350167,
      "99": 885510670.83,
      "97": 876887023.99,
      "95": 872521092.4499999,
      "90": 863745404.2,
      "80": 857528329.4,
      "75": 855916830.25,
      "50": 851522034.0,
      "25": 847086174.0,
      "10": 826144269.8,
      "5": 825417013.05,
      "1": 824356490.63
    },
    "histogram": {
      "buckets": [
        [
          822653615.0,
          911858635.8
        ],
        [
          911858635.8,
          1001063656.6
        ],
        [
          1001063656.6,
          1090268677.4
        ],
        [
          1090268677.4,
          1179473698.2
        ],
        [
          1179473698.2,
          1268678719.0
        ],
        [
          1268678719.0,
          1357883739.8
        ],
        [
          1357883739.8,
          1447088760.6
        ],
        [
          1447088760.6,
          1536293781.4
        ],
        [
          1536293781.4,
          1625498802.1999998
        ],
        [
          1625498802.1999998,
          1714703823.0
        ]
      ],
      "counts": [
        1996,
        2,
        1,
        0,
        0,
        0,
        0,
        0,
        0,
        1
      ]
    }
  },
  "n_samples_completed": 2000,
  "n_samples_failed": 0,
  "n_samples_issued": 2000,
  "output_sequence_lengths": null,
  "qps": 1.176091637066734,
  "test_started_at": 4381750827314860,
  "tpot": null,
  "tpot_reporting_mode": "request_weighted",
  "tps": null,
  "ttft": {
    "total": 113489934035,
    "min": 32994879,
    "max": 923590815,
    "median": 59103470.5,
    "avg": 56744967.0175,
    "std_dev": 23578003.414627735,
    "percentiles": {
      "99.9": 181061810.3590157,
      "99": 86918106.67999999,
      "97": 78469913.77999999,
      "95": 74435052.69999999,
      "90": 67883756.30000001,
      "80": 63403877.800000004,
      "75": 62395929.5,
      "50": 59103470.5,
      "25": 55589470.0,
      "10": 35891874.9,
      "5": 35229462.1,
      "1": 34078286.21
    },
    "histogram": {
      "buckets": [
        [
          32994879.0,
          122054472.6
        ],
        [
          122054472.6,
          211114066.2
        ],
        [
          211114066.2,
          300173659.79999995
        ],
        [
          300173659.79999995,
          389233253.4
        ],
        [
          389233253.4,
          478292847.0
        ],
        [
          478292847.0,
          567352440.5999999
        ],
        [
          567352440.5999999,
          656412034.1999999
        ],
        [
          656412034.1999999,
          745471627.8
        ],
        [
          745471627.8,
          834531221.4
        ],
        [
          834531221.4,
          923590815.0
        ]
      ],
      "counts": [
        1997,
        1,
        1,
        0,
        0,
        0,
        0,
        0,
        0,
        1
      ]
    }
  },
  "version": "0.1.0"
}