{
  "duration_ns": 1696176216800.0,
  "git_sha": "06ccd43",
  "latency": {
    "total": 1694518002574,
    "min": 816320641,
    "max": 892854918,
    "median": 850598676.0,
    "avg": 847259001.287,
    "std_dev": 14268840.691992762,
    "percentiles": {
      "99.9": 889666670.4890002,
      "99": 881972750.77,
      "97": 874018944.21,
      "95": 869652525.05,
      "90": 861073141.4,
      "80": 855754828.0,
      "75": 854495853.5,
      "50": 850598676.0,
      "25": 832645957.75,
      "10": 825026224.3,
      "5": 824309548.35,
      "1": 823248927.51
    },
    "histogram": {
      "buckets": [
        [
          816320641.0,
          823974068.7
        ],
        [
          823974068.7,
          831627496.4
        ],
        [
          831627496.4,
          839280924.1
        ],
        [
          839280924.1,
          846934351.8
        ],
        [
          846934351.8,
          854587779.5
        ],
        [
          854587779.5,
          862241207.2
        ],
        [
          862241207.2,
          869894634.9
        ],
        [
          869894634.9,
          877548062.6
        ],
        [
          877548062.6,
          885201490.3
        ],
        [
          885201490.3,
          892854918.0
        ]
      ],
      "counts": [
        63,
        435,
        9,
        42,
        959,
        307,
        85,
        60,
        30,
        10
      ]
    }
  },
  "n_samples_completed": 2000,
  "n_samples_failed": 0,
  "n_samples_issued": 2000,
  "output_sequence_lengths": null,
  "qps": 1.1791227704944436,
  "test_started_at": 4389561448040821,
  "tpot": null,
  "tpot_reporting_mode": "request_weighted",
  "tps": null,
  "ttft": {
    "total": 109380708925,
    "min": 26168973,
    "max": 93459205,
    "median": 58420537.5,
    "avg": 54690354.4625,
    "std_dev": 12278216.609973012,
    "percentiles": {
      "99.9": 90807457.21700053,
      "99": 82404241.51,
      "97": 74879867.42999999,
      "95": 70850700.19999999,
      "90": 65727656.6,
      "80": 62317535.4,
      "75": 61374577.75,
      "50": 58420537.5,
      "25": 41053054.0,
      "10": 34829716.0,
      "5": 34096696.8,
      "1": 33105326.26
    },
    "histogram": {
      "buckets": [
        [
          26168973.0,
          32897996.2
        ],
        [
          32897996.2,
          39627019.4
        ],
        [
          39627019.4,
          46356042.6
        ],
        [
          46356042.6,
          53085065.8
        ],
        [
          53085065.8,
          59814089.0
        ],
        [
          59814089.0,
          66543112.2
        ],
        [
          66543112.2,
          73272135.4
        ],
        [
          73272135.4,
          80001158.6
        ],
        [
          80001158.6,
          86730181.80000001
        ],
        [
          86730181.80000001,
          93459205.0
        ]
      ],
      "counts": [
        14,
        475,
        19,
        4,
        757,
        555,
        97,
        47,
        26,
        6
      ]
    }
  },
  "version": "0.1.0"
}