{
  "duration_ns": 160385319487.0,
  "git_sha": "cd264b3",
  "latency": {
    "total": 2556174436346,
    "min": 984683071,
    "max": 1464780974,
    "median": 1280832498.0,
    "avg": 1278087218.173,
    "std_dev": 63284367.93135321,
    "percentiles": {
      "99.9": 1443096163.955004,
      "99": 1412808534.18,
      "97": 1396600403.5,
      "95": 1376998811.3,
      "90": 1348880597.7,
      "80": 1328826635.6,
      "75": 1318518026.5,
      "50": 1280832498.0,
      "25": 1240693738.75,
      "10": 1202141725.6,
      "5": 1176986212.95,
      "1": 1073847090.15
    },
    "histogram": {
      "buckets": [
        [
          984683071.0,
          1032692861.3
        ],
        [
          1032692861.3,
          1080702651.6
        ],
        [
          1080702651.6,
          1128712441.9
        ],
        [
          1128712441.9,
          1176722232.2
        ],
        [
          1176722232.2,
          1224732022.5
        ],
        [
          1224732022.5,
          1272741812.8
        ],
        [
          1272741812.8,
          1320751603.1
        ],
        [
          1320751603.1,
          1368761393.4
        ],
        [
          1368761393.4,
          1416771183.7
        ],
        [
          1416771183.7,
          1464780974.0
        ]
      ],
      "counts": [
        7,
        17,
        8,
        67,
        225,
        587,
        612,
        339,
        121,
        17
      ]
    }
  },
  "n_samples_completed": 2000,
  "n_samples_failed": 0,
  "n_samples_issued": 2000,
  "output_sequence_lengths": null,
  "qps": 12.469969236567874,
  "test_started_at": 4384034410220270,
  "tpot": null,
  "tpot_reporting_mode": "request_weighted",
  "tps": null,
  "ttft": {
    "total": 454223542683,
    "min": 38830731,
    "max": 493049540,
    "median": 252282119.5,
    "avg": 227111771.3415,
    "std_dev": 101722788.42594893,
    "percentiles": {
      "99.9": 488563887.17300093,
      "99": 424824599.01,
      "97": 383283318.54,
      "95": 362165469.7,
      "90": 336626079.8,
      "80": 314116509.8,
      "75": 307826311.25,
      "50": 252282119.5,
      "25": 127299980.75,
      "10": 78696260.10000001,
      "5": 64399890.35,
      "1": 46888358.12
    },
    "histogram": {
      "buckets": [
        [
          38830731.0,
          84252611.9
        ],
        [
          84252611.9,
          129674492.8
        ],
        [
          129674492.8,
          175096373.7
        ],
        [
          175096373.7,
          220518254.6
        ],
        [
          220518254.6,
          265940135.5
        ],
        [
          265940135.5,
          311362016.4
        ],
        [
          311362016.4,
          356783897.3
        ],
        [
          356783897.3,
          402205778.2
        ],
        [
          402205778.2,
          447627659.09999996
        ],
        [
          447627659.09999996,
          493049540.0
        ]
      ],
      "counts": [
        221,
        289,
        195,
        136,
        222,
        505,
        311,
        84,
        26,
        11
      ]
    }
  },
  "version": "0.1.0"
}