{
  "duration_ns": 464956930017.0,
  "git_sha": "d4ab6db",
  "latency": {
    "total": 1857845764699,
    "min": 863510744,
    "max": 1014899522,
    "median": 926851138.5,
    "avg": 928922882.3495,
    "std_dev": 24695949.218235727,
    "percentiles": {
      "99.9": 1014276275.098,
      "99": 993247852.74,
      "97": 979387521.13,
      "95": 972800032.5,
      "90": 960275884.9,
      "80": 949909735.4,
      "75": 944947765.25,
      "50": 926851138.5,
      "25": 912166357.25,
      "10": 898995362.4,
      "5": 890638599.3,
      "1": 875429852.81
    },
    "histogram": {
      "buckets": [
        [
          863510744.0,
          878649621.8
        ],
        [
          878649621.8,
          893788499.6
        ],
        [
          893788499.6,
          908927377.4
        ],
        [
          908927377.4,
          924066255.2
        ],
        [
          924066255.2,
          939205133.0
        ],
        [
          939205133.0,
          954344010.8
        ],
        [
          954344010.8,
          969482888.6
        ],
        [
          969482888.6,
          984621766.4
        ],
        [
          984621766.4,
          999760644.2
        ],
        [
          999760644.2,
          1014899522.0
        ]
      ],
      "counts": [
        29,
        100,
        283,
        477,
        472,
        319,
        207,
        71,
        35,
        7
      ]
    }
  },
  "n_samples_completed": 2000,
  "n_samples_failed": 0,
  "n_samples_issued": 2000,
  "output_sequence_lengths": null,
  "qps": 4.3014736868786425,
  "test_started_at": 4407776789377031,
  "tpot": null,
  "tpot_reporting_mode": "request_weighted",
  "tps": null,
  "ttft": {
    "total": 155924217469,
    "min": 33270787,
    "max": 166328451,
    "median": 78821238.5,
    "avg": 77962108.7345,
    "std_dev": 22864880.77018893,
    "percentiles": {
      "99.9": 165691139.32000005,
      "99": 138572789.35999998,
      "97": 128915375.83999999,
      "95": 118763627.74999999,
      "90": 106539627.60000004,
      "80": 94359134.8,
      "75": 90556354.0,
      "50": 78821238.5,
      "25": 60404631.0,
      "10": 52416202.6,
      "5": 38059934.55,
      "1": 36223720.01
    },
    "histogram": {
      "buckets": [
        [
          33270787.0,
          46576553.4
        ],
        [
          46576553.4,
          59882319.8
        ],
        [
          59882319.8,
          73188086.2
        ],
        [
          73188086.2,
          86493852.6
        ],
        [
          86493852.6,
          99799619.0
        ],
        [
          99799619.0,
          113105385.4
        ],
        [
          113105385.4,
          126411151.8
        ],
        [
          126411151.8,
          139716918.2
        ],
        [
          139716918.2,
          153022684.60000002
        ],
        [
          153022684.60000002,
          166328451.0
        ]
      ],
      "counts": [
        161,
        296,
        415,
        467,
        364,
        157,
        65,
        56,
        11,
        8
      ]
    }
  },
  "version": "0.1.0"
}