{
  "duration_ns": 40435314680.0,
  "git_sha": "5adc9ed",
  "latency": {
    "total": 643080758233,
    "min": 950154373,
    "max": 1415286661,
    "median": 1285389162.0,
    "avg": 1286161516.466,
    "std_dev": 58409074.77099277,
    "percentiles": {
      "99.9": 1414933181.376,
      "99": 1413459297.0,
      "97": 1400946861.37,
      "95": 1382155188.85,
      "90": 1366944844.8,
      "80": 1327860277.4,
      "75": 1316090660.0,
      "50": 1285389162.0,
      "25": 1252449224.5,
      "10": 1218496459.6,
      "5": 1206731410.5,
      "1": 1145038728.81
    },
    "histogram": {
      "buckets": [
        [
          950154373.0,
          996667601.8
        ],
        [
          996667601.8,
          1043180830.6
        ],
        [
          1043180830.6,
          1089694059.4
        ],
        [
          1089694059.4,
          1136207288.2
        ],
        [
          1136207288.2,
          1182720517.0
        ],
        [
          1182720517.0,
          1229233745.8
        ],
        [
          1229233745.8,
          1275746974.6
        ],
        [
          1275746974.6,
          1322260203.4
        ],
        [
          1322260203.4,
          1368773432.2
        ],
        [
          1368773432.2,
          1415286661.0
        ]
      ],
      "counts": [
        2,
        0,
        2,
        1,
        6,
        52,
        153,
        178,
        61,
        45
      ]
    }
  },
  "n_samples_completed": 500,
  "n_samples_failed": 0,
  "n_samples_issued": 500,
  "output_sequence_lengths": null,
  "qps": 12.365428684231524,
  "test_started_at": 4145240897460678,
  "tpot": null,
  "tpot_reporting_mode": "request_weighted",
  "tps": null,
  "ttft": {
    "total": 125500457301,
    "min": 38841717,
    "max": 474421478,
    "median": 284759745.0,
    "avg": 251000914.602,
    "std_dev": 110899041.00297245,
    "percentiles": {
      "99.9": 448631486.3500017,
      "99": 419274225.2,
      "97": 415531384.13,
      "95": 410062632.85,
      "90": 390635184.7,
      "80": 336834305.6,
      "75": 331373625.5,
      "50": 284759745.0,
      "25": 151952725.75,
      "10": 69019488.4,
      "5": 62859184.0,
      "1": 45868654.19
    },
    "histogram": {
      "buckets": [
        [
          38841717.0,
          82399693.1
        ],
        [
          82399693.1,
          125957669.2
        ],
        [
          125957669.2,
          169515645.3
        ],
        [
          169515645.3,
          213073621.4
        ],
        [
          213073621.4,
          256631597.5
        ],
        [
          256631597.5,
          300189573.6
        ],
        [
          300189573.6,
          343747549.7
        ],
        [
          343747549.7,
          387305525.8
        ],
        [
          387305525.8,
          430863501.90000004
        ],
        [
          430863501.90000004,
          474421478.0
        ]
      ],
      "counts": [
        68,
        36,
        34,
        26,
        38,
        81,
        126,
        34,
        56,
        1
      ]
    }
  },
  "version": "0.1.0"
}