{
  "duration_ns": 426960543856.0,
  "git_sha": "24ace80",
  "latency": {
    "total": 426577604370,
    "min": 822018694,
    "max": 1810748694,
    "median": 852520913.5,
    "avg": 853155208.74,
    "std_dev": 47070906.9703256,
    "percentiles": {
      "99.9": 1434778464.354025,
      "99": 888850472.5299995,
      "97": 882004994.91,
      "95": 876748257.9,
      "90": 868329958.0,
      "80": 860045380.4,
      "75": 858171233.0,
      "50": 852520913.5,
      "25": 848484644.25,
      "10": 826004491.3,
      "5": 825159870.95,
      "1": 823760379.88
    },
    "histogram": {
      "buckets": [
        [
          822018694.0,
          920891694.0
        ],
        [
          920891694.0,
          1019764694.0
        ],
        [
          1019764694.0,
          1118637694.0
        ],
        [
          1118637694.0,
          1217510694.0
        ],
        [
          1217510694.0,
          1316383694.0
        ],
        [
          1316383694.0,
          1415256694.0
        ],
        [
          1415256694.0,
          1514129694.0
        ],
        [
          1514129694.0,
          1613002694.0
        ],
        [
          1613002694.0,
          1711875694.0
        ],
        [
          1711875694.0,
          1810748694.0
        ]
      ],
      "counts": [
        495,
        3,
        1,
        0,
        0,
        0,
        0,
        0,
        0,
        1
      ]
    }
  },
  "n_samples_completed": 500,
  "n_samples_failed": 0,
  "n_samples_issued": 500,
  "output_sequence_lengths": null,
  "qps": 1.1710683977595686,
  "test_started_at": 4138848819527219,
  "tpot": null,
  "tpot_reporting_mode": "request_weighted",
  "tps": null,
  "ttft": {
    "total": 30225713372,
    "min": 33300980,
    "max": 1021389496,
    "median": 60316117.0,
    "avg": 60451426.744,
    "std_dev": 46373263.04510057,
    "percentiles": {
      "99.9": 640663054.8400253,
      "99": 87629286.20999998,
      "97": 83034247.31999998,
      "95": 78307865.39999999,
      "90": 72147429.8,
      "80": 66480569.6,
      "75": 64067005.5,
      "50": 60316117.0,
      "25": 57062461.0,
      "10": 36065217.1,
      "5": 35101857.1,
      "1": 34040163.11
    },
    "histogram": {
      "buckets": [
        [
          33300980.0,
          132109831.6
        ],
        [
          132109831.6,
          230918683.2
        ],
        [
          230918683.2,
          329727534.79999995
        ],
        [
          329727534.79999995,
          428536386.4
        ],
        [
          428536386.4,
          527345238.0
        ],
        [
          527345238.0,
          626154089.5999999
        ],
        [
          626154089.5999999,
          724962941.1999999
        ],
        [
          724962941.1999999,
          823771792.8
        ],
        [
          823771792.8,
          922580644.4
        ],
        [
          922580644.4,
          1021389496.0
        ]
      ],
      "counts": [
        496,
        2,
        1,
        0,
        0,
        0,
        0,
        0,
        0,
        1
      ]
    }
  },
  "version": "0.1.0"
}