{
  "duration_ns": 160189300699.0,
  "git_sha": "d4ab6db",
  "latency": {
    "total": 2550865395676,
    "min": 961499512,
    "max": 1451225001,
    "median": 1283927322.0,
    "avg": 1275432697.838,
    "std_dev": 73943959.61970696,
    "percentiles": {
      "99.9": 1450196549.5830002,
      "99": 1439818361.5,
      "97": 1399847118.44,
      "95": 1381820378.75,
      "90": 1360471735.4,
      "80": 1333459381.8,
      "75": 1318259915.25,
      "50": 1283927322.0,
      "25": 1238867277.75,
      "10": 1192090461.2,
      "5": 1168938614.0,
      "1": 1037085909.13
    },
    "histogram": {
      "buckets": [
        [
          961499512.0,
          1010472060.9
        ],
        [
          1010472060.9,
          1059444609.8
        ],
        [
          1059444609.8,
          1108417158.7
        ],
        [
          1108417158.7,
          1157389707.6
        ],
        [
          1157389707.6,
          1206362256.5
        ],
        [
          1206362256.5,
          1255334805.4
        ],
        [
          1255334805.4,
          1304307354.3
        ],
        [
          1304307354.3,
          1353279903.2
        ],
        [
          1353279903.2,
          1402252452.1
        ],
        [
          1402252452.1,
          1451225001.0
        ]
      ],
      "counts": [
        16,
        23,
        32,
        14,
        171,
        463,
        628,
        403,
        192,
        58
      ]
    }
  },
  "n_samples_completed": 2000,
  "n_samples_failed": 0,
  "n_samples_issued": 2000,
  "output_sequence_lengths": null,
  "qps": 12.485228359652146,
  "test_started_at": 4408559840013381,
  "tpot": null,
  "tpot_reporting_mode": "request_weighted",
  "tps": null,
  "ttft": {
    "total": 455767886272,
    "min": 39601813,
    "max": 479570181,
    "median": 256479555.0,
    "avg": 227883943.136,
    "std_dev": 103905681.33595748,
    "percentiles": {
      "99.9": 479198527.175,
      "99": 412290663.22,
      "97": 393605275.36,
      "95": 375107321.7,
      "90": 345212487.3,
      "80": 316121572.0,
      "75": 308275436.25,
      "50": 256479555.0,
      "25": 127389751.0,
      "10": 77991454.4,
      "5": 63972481.05,
      "1": 50352264.56
    },
    "histogram": {
      "buckets": [
        [
          39601813.0,
          83598649.8
        ],
        [
          83598649.8,
          127595486.6
        ],
        [
          127595486.6,
          171592323.39999998
        ],
        [
          171592323.39999998,
          215589160.2
        ],
        [
          215589160.2,
          259585997.0
        ],
        [
          259585997.0,
          303582833.79999995
        ],
        [
          303582833.79999995,
          347579670.59999996
        ],
        [
          347579670.59999996,
          391576507.4
        ],
        [
          391576507.4,
          435573344.2
        ],
        [
          435573344.2,
          479570181.0
        ]
      ],
      "counts": [
        232,
        269,
        187,
        172,
        163,
        414,
        383,
        117,
        54,
        9
      ]
    }
  },
  "version": "0.1.0"
}